{"e":{"0":["B4705_B","B4705_A"],"1":["B12602_B","B12602_A"],"2":["B4308_B","B4308_A"],"3":["B43523_B","B43523_A"],"4":["B47519_B","B47519_A"],"5":["B8197_B","B8197_A"],"6":["B23300_B","B23300_A"],"7":["B28687_B","B28687_A"],"8":["B28687_A","B21116_B"],"9":["B21116_B","B21116_A"],"10":["B20540_B","B20540_A"],"11":["B55481_B","B55481_A"]},"Id":{"0":4705,"1":12602,"2":4308,"3":43523,"4":47519,"5":8197,"6":23300,"7":28687,"8":28687,"9":21116,"10":20540,"11":55481},"Name":{"0":"Erasmusbrug, vaste overspanning","1":"Willemsbrug, Rotterdam","2":"Van Brienenoordbrug (noord)","3":"Alblasserdamsebrug","4":"Merwedebrug Papendrecht","5":"Baanhoekspoorbrug","6":"Merwedebrug Gorinchem","7":"Martinus Nijhoffbrug","8":"Martinus Nijhoffbrug","9":"spoorbrug Dr. Ir. W. Hupkes","10":"Prins Willem-Alexanderbrug, Beneden-Leeuwen","11":"Tacitusbrug, brug in de A-50"},"NumberOfOpenings":{"0":2.0,"1":1.0,"2":2.0,"3":2.0,"4":2.0,"5":3.0,"6":3.0,"7":1.0,"8":1.0,"9":2.0,"10":1.0,"11":1.0},"HeightClosed":{"0":12.5,"1":12.3,"2":24.3,"3":13.08,"4":12.93,"5":11.5,"6":13.33,"7":17.85,"8":17.85,"9":17.4,"10":19.6,"11":23.39},"CanOpen":{"0":"0","1":"0","2":"1","3":"1","4":"1","5":"1","6":"1","7":"0","8":"0","9":"0","10":"0","11":"0"},"length_m_sum":{"0":54221.999075274,"1":55654.4446634306,"2":61942.1864070162,"3":76154.3999266459,"4":84547.7229411832,"5":88519.9981110337,"6":111052.8481678391,"7":146828.3032273454,"8":146968.0829541026,"9":146979.1414632584,"10":177576.5376182368,"11":204499.5858182657}}